{
  "run_id": "large_naive_bayes_baseline_b",
  "subset": "large",
  "model": "naive_bayes_baseline",
  "variant": "b",
  "model_path": "models/large_naive_bayes_baseline_b.joblib",
  "split_path": "data/splits/large_split.json",
  "random_state": 42,
  "counts": {
    "train": 20000,
    "validation": 5000,
    "test": 25000
  },
  "test_source": "official_test_fixed_25000",
  "validation": {
    "n_examples": 5000,
    "accuracy": 0.857,
    "precision": 0.8745,
    "recall": 0.8336,
    "f1": 0.8536,
    "confusion_matrix": [
      [
        2201,
        299
      ],
      [
        416,
        2084
      ]
    ],
    "classification_report": {
      "negative": {
        "precision": 0.8410393580435613,
        "recall": 0.8804,
        "f1-score": 0.8602696892710573,
        "support": 2500.0
      },
      "positive": {
        "precision": 0.8745279060008393,
        "recall": 0.8336,
        "f1-score": 0.8535736227728855,
        "support": 2500.0
      },
      "accuracy": 0.857,
      "macro avg": {
        "precision": 0.8577836320222003,
        "recall": 0.857,
        "f1-score": 0.8569216560219715,
        "support": 5000.0
      },
      "weighted avg": {
        "precision": 0.8577836320222002,
        "recall": 0.857,
        "f1-score": 0.8569216560219715,
        "support": 5000.0
      }
    },
    "roc_auc": 0.9295
  },
  "test": {
    "n_examples": 25000,
    "accuracy": 0.8354,
    "precision": 0.8722,
    "recall": 0.7861,
    "f1": 0.8269,
    "confusion_matrix": [
      [
        11060,
        1440
      ],
      [
        2674,
        9826
      ]
    ],
    "classification_report": {
      "negative": {
        "precision": 0.8053007135575942,
        "recall": 0.8848,
        "f1-score": 0.8431806053213388,
        "support": 12500.0
      },
      "positive": {
        "precision": 0.8721817859044914,
        "recall": 0.78608,
        "f1-score": 0.82689556509299,
        "support": 12500.0
      },
      "accuracy": 0.83544,
      "macro avg": {
        "precision": 0.8387412497310428,
        "recall": 0.83544,
        "f1-score": 0.8350380852071644,
        "support": 25000.0
      },
      "weighted avg": {
        "precision": 0.8387412497310428,
        "recall": 0.83544,
        "f1-score": 0.8350380852071644,
        "support": 25000.0
      }
    },
    "roc_auc": 0.9116
  }
}
