{
  "run_id": "large_tfidf_logreg_main_b",
  "subset": "large",
  "model": "tfidf_logreg_main",
  "variant": "b",
  "model_path": "models/large_tfidf_logreg_main_b.joblib",
  "split_path": "data/splits/large_split.json",
  "random_state": 42,
  "counts": {
    "train": 20000,
    "validation": 5000,
    "test": 25000
  },
  "test_source": "official_test_fixed_25000",
  "validation": {
    "n_examples": 5000,
    "accuracy": 0.9038,
    "precision": 0.8923,
    "recall": 0.9184,
    "f1": 0.9052,
    "confusion_matrix": [
      [
        2223,
        277
      ],
      [
        204,
        2296
      ]
    ],
    "classification_report": {
      "negative": {
        "precision": 0.9159456118665018,
        "recall": 0.8892,
        "f1-score": 0.9023746701846965,
        "support": 2500.0
      },
      "positive": {
        "precision": 0.8923435678196657,
        "recall": 0.9184,
        "f1-score": 0.9051843090873251,
        "support": 2500.0
      },
      "accuracy": 0.9038,
      "macro avg": {
        "precision": 0.9041445898430838,
        "recall": 0.9037999999999999,
        "f1-score": 0.9037794896360107,
        "support": 5000.0
      },
      "weighted avg": {
        "precision": 0.9041445898430839,
        "recall": 0.9038,
        "f1-score": 0.9037794896360108,
        "support": 5000.0
      }
    },
    "roc_auc": 0.9637
  },
  "test": {
    "n_examples": 25000,
    "accuracy": 0.8924,
    "precision": 0.8903,
    "recall": 0.8951,
    "f1": 0.8927,
    "confusion_matrix": [
      [
        11121,
        1379
      ],
      [
        1311,
        11189
      ]
    ],
    "classification_report": {
      "negative": {
        "precision": 0.894546332046332,
        "recall": 0.88968,
        "f1-score": 0.8921065297609497,
        "support": 12500.0
      },
      "positive": {
        "precision": 0.8902768936982813,
        "recall": 0.89512,
        "f1-score": 0.8926918780915909,
        "support": 12500.0
      },
      "accuracy": 0.8924,
      "macro avg": {
        "precision": 0.8924116128723067,
        "recall": 0.8924000000000001,
        "f1-score": 0.8923992039262703,
        "support": 25000.0
      },
      "weighted avg": {
        "precision": 0.8924116128723067,
        "recall": 0.8924,
        "f1-score": 0.8923992039262704,
        "support": 25000.0
      }
    },
    "roc_auc": 0.9586
  }
}
