{
  "run_id": "medium_naive_bayes_baseline_b",
  "subset": "medium",
  "model": "naive_bayes_baseline",
  "variant": "b",
  "model_path": "models/medium_naive_bayes_baseline_b.joblib",
  "split_path": "data/splits/medium_split.json",
  "random_state": 42,
  "counts": {
    "train": 8000,
    "validation": 2000,
    "test": 5000
  },
  "test_source": "official_test_fixed_5000",
  "validation": {
    "n_examples": 2000,
    "accuracy": 0.856,
    "precision": 0.8779,
    "recall": 0.827,
    "f1": 0.8517,
    "confusion_matrix": [
      [
        885,
        115
      ],
      [
        173,
        827
      ]
    ],
    "classification_report": {
      "negative": {
        "precision": 0.8364839319470699,
        "recall": 0.885,
        "f1-score": 0.8600583090379009,
        "support": 1000.0
      },
      "positive": {
        "precision": 0.8779193205944799,
        "recall": 0.827,
        "f1-score": 0.8516992790937178,
        "support": 1000.0
      },
      "accuracy": 0.856,
      "macro avg": {
        "precision": 0.8572016262707749,
        "recall": 0.856,
        "f1-score": 0.8558787940658094,
        "support": 2000.0
      },
      "weighted avg": {
        "precision": 0.8572016262707748,
        "recall": 0.856,
        "f1-score": 0.8558787940658095,
        "support": 2000.0
      }
    },
    "roc_auc": 0.9326
  },
  "test": {
    "n_examples": 5000,
    "accuracy": 0.819,
    "precision": 0.8537,
    "recall": 0.77,
    "f1": 0.8097,
    "confusion_matrix": [
      [
        2170,
        330
      ],
      [
        575,
        1925
      ]
    ],
    "classification_report": {
      "negative": {
        "precision": 0.7905282331511839,
        "recall": 0.868,
        "f1-score": 0.8274547187797903,
        "support": 2500.0
      },
      "positive": {
        "precision": 0.8536585365853658,
        "recall": 0.77,
        "f1-score": 0.8096740273396424,
        "support": 2500.0
      },
      "accuracy": 0.819,
      "macro avg": {
        "precision": 0.8220933848682749,
        "recall": 0.819,
        "f1-score": 0.8185643730597163,
        "support": 5000.0
      },
      "weighted avg": {
        "precision": 0.8220933848682749,
        "recall": 0.819,
        "f1-score": 0.8185643730597164,
        "support": 5000.0
      }
    },
    "roc_auc": 0.9014
  }
}
