{
  "run_id": "medium_tfidf_logreg_main_b",
  "subset": "medium",
  "model": "tfidf_logreg_main",
  "variant": "b",
  "model_path": "models/medium_tfidf_logreg_main_b.joblib",
  "split_path": "data/splits/medium_split.json",
  "random_state": 42,
  "counts": {
    "train": 8000,
    "validation": 2000,
    "test": 5000
  },
  "test_source": "official_test_fixed_5000",
  "validation": {
    "n_examples": 2000,
    "accuracy": 0.883,
    "precision": 0.8711,
    "recall": 0.899,
    "f1": 0.8848,
    "confusion_matrix": [
      [
        867,
        133
      ],
      [
        101,
        899
      ]
    ],
    "classification_report": {
      "negative": {
        "precision": 0.8956611570247934,
        "recall": 0.867,
        "f1-score": 0.8810975609756098,
        "support": 1000.0
      },
      "positive": {
        "precision": 0.8711240310077519,
        "recall": 0.899,
        "f1-score": 0.8848425196850394,
        "support": 1000.0
      },
      "accuracy": 0.883,
      "macro avg": {
        "precision": 0.8833925940162727,
        "recall": 0.883,
        "f1-score": 0.8829700403303246,
        "support": 2000.0
      },
      "weighted avg": {
        "precision": 0.8833925940162726,
        "recall": 0.883,
        "f1-score": 0.8829700403303246,
        "support": 2000.0
      }
    },
    "roc_auc": 0.9602
  },
  "test": {
    "n_examples": 5000,
    "accuracy": 0.8774,
    "precision": 0.8696,
    "recall": 0.888,
    "f1": 0.8787,
    "confusion_matrix": [
      [
        2167,
        333
      ],
      [
        280,
        2220
      ]
    ],
    "classification_report": {
      "negative": {
        "precision": 0.8855741724560686,
        "recall": 0.8668,
        "f1-score": 0.8760865170810592,
        "support": 2500.0
      },
      "positive": {
        "precision": 0.8695652173913043,
        "recall": 0.888,
        "f1-score": 0.8786859291509994,
        "support": 2500.0
      },
      "accuracy": 0.8774,
      "macro avg": {
        "precision": 0.8775696949236864,
        "recall": 0.8774,
        "f1-score": 0.8773862231160293,
        "support": 5000.0
      },
      "weighted avg": {
        "precision": 0.8775696949236866,
        "recall": 0.8774,
        "f1-score": 0.8773862231160292,
        "support": 5000.0
      }
    },
    "roc_auc": 0.9471
  }
}
