{
  "run_id": "medium_naive_bayes_baseline_c",
  "subset": "medium",
  "model": "naive_bayes_baseline",
  "variant": "c",
  "model_path": "models/medium_naive_bayes_baseline_c.joblib",
  "split_path": "data/splits/medium_split.json",
  "random_state": 42,
  "counts": {
    "train": 8000,
    "validation": 2000,
    "test": 5000
  },
  "test_source": "official_test_fixed_5000",
  "validation": {
    "n_examples": 2000,
    "accuracy": 0.8505,
    "precision": 0.8686,
    "recall": 0.826,
    "f1": 0.8467,
    "confusion_matrix": [
      [
        875,
        125
      ],
      [
        174,
        826
      ]
    ],
    "classification_report": {
      "negative": {
        "precision": 0.8341277407054337,
        "recall": 0.875,
        "f1-score": 0.854075158613958,
        "support": 1000.0
      },
      "positive": {
        "precision": 0.868559411146162,
        "recall": 0.826,
        "f1-score": 0.8467452588416197,
        "support": 1000.0
      },
      "accuracy": 0.8505,
      "macro avg": {
        "precision": 0.8513435759257979,
        "recall": 0.8505,
        "f1-score": 0.8504102087277888,
        "support": 2000.0
      },
      "weighted avg": {
        "precision": 0.8513435759257978,
        "recall": 0.8505,
        "f1-score": 0.8504102087277888,
        "support": 2000.0
      }
    },
    "roc_auc": 0.9312
  },
  "test": {
    "n_examples": 5000,
    "accuracy": 0.8216,
    "precision": 0.8545,
    "recall": 0.7752,
    "f1": 0.8129,
    "confusion_matrix": [
      [
        2170,
        330
      ],
      [
        562,
        1938
      ]
    ],
    "classification_report": {
      "negative": {
        "precision": 0.794289897510981,
        "recall": 0.868,
        "f1-score": 0.8295107033639144,
        "support": 2500.0
      },
      "positive": {
        "precision": 0.8544973544973545,
        "recall": 0.7752,
        "f1-score": 0.8129194630872483,
        "support": 2500.0
      },
      "accuracy": 0.8216,
      "macro avg": {
        "precision": 0.8243936260041678,
        "recall": 0.8216,
        "f1-score": 0.8212150832255813,
        "support": 5000.0
      },
      "weighted avg": {
        "precision": 0.8243936260041677,
        "recall": 0.8216,
        "f1-score": 0.8212150832255813,
        "support": 5000.0
      }
    },
    "roc_auc": 0.9015
  }
}
