{
  "run_id": "small_tfidf_logreg_main_a",
  "subset": "small",
  "model": "tfidf_logreg_main",
  "variant": "a",
  "model_path": "models/small_tfidf_logreg_main_a.joblib",
  "split_path": "data/splits/small_split.json",
  "random_state": 42,
  "counts": {
    "train": 2000,
    "validation": 500,
    "test": 5000
  },
  "test_source": "official_test_fixed_5000",
  "validation": {
    "n_examples": 500,
    "accuracy": 0.828,
    "precision": 0.8228,
    "recall": 0.836,
    "f1": 0.8294,
    "confusion_matrix": [
      [
        205,
        45
      ],
      [
        41,
        209
      ]
    ],
    "classification_report": {
      "negative": {
        "precision": 0.8333333333333334,
        "recall": 0.82,
        "f1-score": 0.8266129032258065,
        "support": 250.0
      },
      "positive": {
        "precision": 0.8228346456692913,
        "recall": 0.836,
        "f1-score": 0.8293650793650794,
        "support": 250.0
      },
      "accuracy": 0.828,
      "macro avg": {
        "precision": 0.8280839895013123,
        "recall": 0.828,
        "f1-score": 0.827988991295443,
        "support": 500.0
      },
      "weighted avg": {
        "precision": 0.8280839895013123,
        "recall": 0.828,
        "f1-score": 0.8279889912954429,
        "support": 500.0
      }
    },
    "roc_auc": 0.9039
  },
  "test": {
    "n_examples": 5000,
    "accuracy": 0.8404,
    "precision": 0.8401,
    "recall": 0.8408,
    "f1": 0.8405,
    "confusion_matrix": [
      [
        2100,
        400
      ],
      [
        398,
        2102
      ]
    ],
    "classification_report": {
      "negative": {
        "precision": 0.8406725380304243,
        "recall": 0.84,
        "f1-score": 0.8403361344537815,
        "support": 2500.0
      },
      "positive": {
        "precision": 0.8401278976818545,
        "recall": 0.8408,
        "f1-score": 0.8404638144742104,
        "support": 2500.0
      },
      "accuracy": 0.8404,
      "macro avg": {
        "precision": 0.8404002178561394,
        "recall": 0.8404,
        "f1-score": 0.840399974463996,
        "support": 5000.0
      },
      "weighted avg": {
        "precision": 0.8404002178561394,
        "recall": 0.8404,
        "f1-score": 0.8403999744639962,
        "support": 5000.0
      }
    },
    "roc_auc": 0.9184
  }
}
