{
  "run_id": "small_naive_bayes_baseline_c",
  "subset": "small",
  "model": "naive_bayes_baseline",
  "variant": "c",
  "model_path": "models/small_naive_bayes_baseline_c.joblib",
  "split_path": "data/splits/small_split.json",
  "random_state": 42,
  "counts": {
    "train": 2000,
    "validation": 500,
    "test": 5000
  },
  "test_source": "official_test_fixed_5000",
  "validation": {
    "n_examples": 500,
    "accuracy": 0.816,
    "precision": 0.8292,
    "recall": 0.796,
    "f1": 0.8122,
    "confusion_matrix": [
      [
        209,
        41
      ],
      [
        51,
        199
      ]
    ],
    "classification_report": {
      "negative": {
        "precision": 0.8038461538461539,
        "recall": 0.836,
        "f1-score": 0.8196078431372549,
        "support": 250.0
      },
      "positive": {
        "precision": 0.8291666666666667,
        "recall": 0.796,
        "f1-score": 0.8122448979591836,
        "support": 250.0
      },
      "accuracy": 0.816,
      "macro avg": {
        "precision": 0.8165064102564104,
        "recall": 0.8160000000000001,
        "f1-score": 0.8159263705482193,
        "support": 500.0
      },
      "weighted avg": {
        "precision": 0.8165064102564104,
        "recall": 0.816,
        "f1-score": 0.8159263705482193,
        "support": 500.0
      }
    },
    "roc_auc": 0.8779
  },
  "test": {
    "n_examples": 5000,
    "accuracy": 0.8132,
    "precision": 0.8496,
    "recall": 0.7612,
    "f1": 0.803,
    "confusion_matrix": [
      [
        2163,
        337
      ],
      [
        597,
        1903
      ]
    ],
    "classification_report": {
      "negative": {
        "precision": 0.783695652173913,
        "recall": 0.8652,
        "f1-score": 0.8224334600760457,
        "support": 2500.0
      },
      "positive": {
        "precision": 0.8495535714285715,
        "recall": 0.7612,
        "f1-score": 0.8029535864978903,
        "support": 2500.0
      },
      "accuracy": 0.8132,
      "macro avg": {
        "precision": 0.8166246118012422,
        "recall": 0.8131999999999999,
        "f1-score": 0.812693523286968,
        "support": 5000.0
      },
      "weighted avg": {
        "precision": 0.8166246118012422,
        "recall": 0.8132,
        "f1-score": 0.812693523286968,
        "support": 5000.0
      }
    },
    "roc_auc": 0.8953
  }
}
