{
  "run_id": "small_tfidf_logreg_main_b",
  "subset": "small",
  "model": "tfidf_logreg_main",
  "variant": "b",
  "model_path": "models/small_tfidf_logreg_main_b.joblib",
  "split_path": "data/splits/small_split.json",
  "random_state": 42,
  "counts": {
    "train": 2000,
    "validation": 500,
    "test": 5000
  },
  "test_source": "official_test_fixed_5000",
  "validation": {
    "n_examples": 500,
    "accuracy": 0.822,
    "precision": 0.8038,
    "recall": 0.852,
    "f1": 0.8272,
    "confusion_matrix": [
      [
        198,
        52
      ],
      [
        37,
        213
      ]
    ],
    "classification_report": {
      "negative": {
        "precision": 0.8425531914893617,
        "recall": 0.792,
        "f1-score": 0.8164948453608247,
        "support": 250.0
      },
      "positive": {
        "precision": 0.8037735849056604,
        "recall": 0.852,
        "f1-score": 0.8271844660194175,
        "support": 250.0
      },
      "accuracy": 0.822,
      "macro avg": {
        "precision": 0.8231633881975111,
        "recall": 0.8220000000000001,
        "f1-score": 0.8218396556901211,
        "support": 500.0
      },
      "weighted avg": {
        "precision": 0.823163388197511,
        "recall": 0.822,
        "f1-score": 0.8218396556901212,
        "support": 500.0
      }
    },
    "roc_auc": 0.9082
  },
  "test": {
    "n_examples": 5000,
    "accuracy": 0.8514,
    "precision": 0.8457,
    "recall": 0.8596,
    "f1": 0.8526,
    "confusion_matrix": [
      [
        2108,
        392
      ],
      [
        351,
        2149
      ]
    ],
    "classification_report": {
      "negative": {
        "precision": 0.857259048393656,
        "recall": 0.8432,
        "f1-score": 0.8501714055253076,
        "support": 2500.0
      },
      "positive": {
        "precision": 0.8457300275482094,
        "recall": 0.8596,
        "f1-score": 0.8526086094028963,
        "support": 2500.0
      },
      "accuracy": 0.8514,
      "macro avg": {
        "precision": 0.8514945379709327,
        "recall": 0.8513999999999999,
        "f1-score": 0.8513900074641019,
        "support": 5000.0
      },
      "weighted avg": {
        "precision": 0.8514945379709327,
        "recall": 0.8514,
        "f1-score": 0.851390007464102,
        "support": 5000.0
      }
    },
    "roc_auc": 0.9259
  }
}
