{
  "run_id": "small_naive_bayes_baseline_b",
  "subset": "small",
  "model": "naive_bayes_baseline",
  "variant": "b",
  "model_path": "models/small_naive_bayes_baseline_b.joblib",
  "split_path": "data/splits/small_split.json",
  "random_state": 42,
  "counts": {
    "train": 2000,
    "validation": 500,
    "test": 5000
  },
  "test_source": "official_test_fixed_5000",
  "validation": {
    "n_examples": 500,
    "accuracy": 0.824,
    "precision": 0.8375,
    "recall": 0.804,
    "f1": 0.8204,
    "confusion_matrix": [
      [
        211,
        39
      ],
      [
        49,
        201
      ]
    ],
    "classification_report": {
      "negative": {
        "precision": 0.8115384615384615,
        "recall": 0.844,
        "f1-score": 0.8274509803921568,
        "support": 250.0
      },
      "positive": {
        "precision": 0.8375,
        "recall": 0.804,
        "f1-score": 0.8204081632653061,
        "support": 250.0
      },
      "accuracy": 0.824,
      "macro avg": {
        "precision": 0.8245192307692308,
        "recall": 0.8240000000000001,
        "f1-score": 0.8239295718287314,
        "support": 500.0
      },
      "weighted avg": {
        "precision": 0.8245192307692307,
        "recall": 0.824,
        "f1-score": 0.8239295718287315,
        "support": 500.0
      }
    },
    "roc_auc": 0.8763
  },
  "test": {
    "n_examples": 5000,
    "accuracy": 0.812,
    "precision": 0.8482,
    "recall": 0.76,
    "f1": 0.8017,
    "confusion_matrix": [
      [
        2160,
        340
      ],
      [
        600,
        1900
      ]
    ],
    "classification_report": {
      "negative": {
        "precision": 0.782608695652174,
        "recall": 0.864,
        "f1-score": 0.8212927756653993,
        "support": 2500.0
      },
      "positive": {
        "precision": 0.8482142857142857,
        "recall": 0.76,
        "f1-score": 0.8016877637130801,
        "support": 2500.0
      },
      "accuracy": 0.812,
      "macro avg": {
        "precision": 0.8154114906832298,
        "recall": 0.812,
        "f1-score": 0.8114902696892397,
        "support": 5000.0
      },
      "weighted avg": {
        "precision": 0.8154114906832298,
        "recall": 0.812,
        "f1-score": 0.8114902696892398,
        "support": 5000.0
      }
    },
    "roc_auc": 0.8963
  }
}
